307208,113436658666528,Prospect High School,High School
307208,374809010319,Yale University,College
307208,109551572397323,University of Michigan,Graduate School
311696,113512291992301,Thornridge High School,High School
311696,103449733028756,University of Michigan School of Information,College
311696,374809010319,Yale University,College
311696,120194811327890,Yale College,College
311696,109551572397323,University of Michigan,Graduate School
816955,113285798681909,The Barstow School,High School
816955,103449733028756,University of Michigan School of Information,College
816955,106176422754707,New York University,College
816955,111851825501258,NYU,College
816955,109551572397323,University of Michigan,Graduate School
1005752,104323032936393,Cony High School,High School
1005752,104073636296325,Brown University,College
1223910,110561538972700,Willits High,High School
1223910,103449733028756,University of Michigan School of Information,College
1223910,10111634660,UC Berkeley,College
1223910,109551572397323,University of Michigan,Graduate School
1801058,104323032936393,Cony High School,High School
1801058,105690226130720,Northeastern University,College
1816950,104323032936393,Cony High School,High School
1816950,105690226130720,Northeastern University,College
2216665,272272982831142,Fraser High School,High School
2216665,109551572397323,University of Michigan,College
2230033,114922775191045,Lakeview High School,High School
2230033,47424407936,University of Michigan School of Information,College
2230033,112441168769145,Michigan State University,College
2230033,109551572397323,University of Michigan,College
2235469,110610285627848,Lincoln Senior High School,High School
2235469,109551572397323,University of Michigan,College
2235469,21105780752,University of Michigan,Graduate School
2327902,109512019074994,Henry Ford II High School,High School
2327902,112441168769145,Michigan State University,College
2327902,121768097934765,University of Michigan School of Information,Graduate School
2327902,248404115215076,Michigan State University College of Law,Graduate School
2357386,112441168769145,Michigan State University,College
2357386,109551572397323,University of Michigan,Graduate School
2357386,108531479171922,Indiana University,Graduate School
2537790,108752742483285,Redlands East Valley High School,High School
2537790,11360325957,UCLA,College
2537790,179935482041326,UCLA School of Public Affairs,Graduate School
2537790,112519212094115,UCLA School of Law,Graduate School
2803435,47424407936,University of Michigan School of Information,College
4402219,113922545285303,Packer Collegiate Institute,High School
4402219,112619302088627,Maine Coast Semester,High School
4402219,8518557628,Middlebury College,College
4600236,16279648193,Bowdoin College,College
4600236,112444612100264,George Washington University Law School,Graduate School
4600962,104323032936393,Cony High School,High School
4600962,16279648193,Bowdoin College,College
4600962,7182276517,University of New England,Graduate School
4812888,110460078982029,MES Indian School,High School
4812888,7133766387,Carnegie Mellon University,College
4812888,109551572397323,University of Michigan,Graduate School
4813032,213889488636161,"MES Indian School , Doha - Qatar",High School
4813032,7133766387,Carnegie Mellon University,College
4813032,109551572397323,University of Michigan,Graduate School
4813145,107779042585443,Pine-Richland High School,High School
4813145,7133766387,Carnegie Mellon University,College
4813145,21105780752,University of Michigan,Graduate School
4813145,122581057764508,The University of Edinburgh,Graduate School
5304244,108196135868263,Wilton High School,High School
5304244,108727889151725,George Washington University,College
5304244,112750885404161,Fordham University School of Law,Graduate School
5307908,108727889151725,George Washington University,College
5307908,106421336055898,The George Washington University School of Business,Graduate School
5500028,115376225144248,George Fowler High School,High School
5500028,15932409357,Syracuse University,College
5500028,112343606183,Southern New Hampshire University,College
5500033,112093458808330,West Genesee Senior High School,High School
5500033,15932409357,Syracuse University,College
5500033,105526366146517,Syracuse University,College
5500070,105680942797737,Freehold Township High School,High School
5500070,15932409357,Syracuse University,College
5500118,110363762317449,Highland Park High School,High School
5500118,15932409357,Syracuse University,College
5500129,105963209443652,The Benjamin School,High School
5500129,15932409357,Syracuse University,College
5500273,114760235206446,Abraham Lincoln High School,High School
5500273,15932409357,Syracuse University,College
5500297,110247662338553,Phoenixville Area High School,High School
5500297,160918770601337,Hogwarts School of Witchcraft and Wizardry,College
5500297,15932409357,Syracuse University,College
5500395,110011445691572,Masconomet Regional High School,High School
5500395,15932409357,Syracuse University,College
5500395,112094105475840,Syracuse Alum,College
5500547,110801078943807,Livonia Junior - Senior High School,High School
5500547,15932409357,Syracuse University,College
5500719,111761705507864,Carver Center for Arts and Technology,High School
5500719,15932409357,Syracuse University,College
5501125,114877948529509,Johnson City Senior High School,High School
5501125,15932409357,Syracuse University,College
5501125,5625209996,George Mason University,Graduate School
5501136,112593835418354,Indian Hills High School,High School
5501136,15932409357,Syracuse University,College
5501270,109067695778537,St. John Vianney High School,High School
5501270,15932409357,Syracuse University,College
5501296,103799806325418,Fairport High School,High School
5501296,15932409357,Syracuse University,College
5501318,108481739182313,St. John's Prep,High School
5501318,15932409357,Syracuse University,College
5501339,102088873165649,Falconer Junior - Senior High School,High School
5501339,108120672541721,Upper St. Clair High School,High School
5501339,15932409357,Syracuse University,College
5501478,108026419230238,Trevor Day School,High School
5501478,15932409357,Syracuse University,College
5501525,106050022759908,Keene High School,High School
5501525,15932409357,Syracuse University,College
5501551,104006916302781,Kenmore West Senior High School,High School
5501551,15932409357,Syracuse University,College
5501551,44728562961,The University of Kansas,Graduate School
5501577,108061882554827,Lahser High School,High School
5501577,15932409357,Syracuse University,College
5501687,106386229398520,Centreville High School,High School
5501687,15932409357,Syracuse University,College
5501814,109271942432293,Southern Regional High School,High School
5501814,15932409357,Syracuse University,College
5501905,112000562150786,Wellesley High School,High School
5501905,15932409357,Syracuse University,College
5501905,105690226130720,Northeastern University,Graduate School
5501923,108465832518584,New Hartford Senior High School,High School
5501923,15932409357,Syracuse University,College
5502112,106488102716621,Exeter High School,High School
5502112,15932409357,Syracuse University,College
5502183,104323032936393,Cony High School,High School
5502183,15932409357,Syracuse University,College
5502432,116762568343288,Saugerties High School,High School
5502432,15932409357,Syracuse University,College
5502584,108617249162139,Canandaigua Academy,High School
5502584,15932409357,Syracuse University,College
5502736,104029426300522,Stevenson School,High School
5502736,15932409357,Syracuse University,College
5502773,106000126098847,Weston High School,High School
5502773,15932409357,Syracuse University,College
5502773,94642352273,Simmons College Graduate School of Social Work,Graduate School
5502925,112042728822802,Mcarthur High School,High School
5502925,15932409357,Syracuse University,College
5503239,15932409357,Syracuse University,College
5503239,35622951402,Harvard Kennedy School,Graduate School
5503384,106469726055755,Belchertown Junior - Senior High,High School
5503384,15932409357,Syracuse University,College
5503460,104006916302781,Kenmore West Senior High School,High School
5503460,15932409357,Syracuse University,College
5503460,104121179624138,Robert Schuman University,College
5503460,111568078860131,"University at Buffalo, The State University of New York",Graduate School
5503546,113825725294819,Wachusett Regional High School,High School
5503546,15932409357,Syracuse University,College
5503546,105537759479957,University of Massachusetts Dartmouth,Graduate School
5503620,112254928793110,Northern Highlands Regional High,High School
5503620,15932409357,Syracuse University,College
5503721,15932409357,Syracuse University,College
5503721,112394102106163,University of Illinois at Chicago,Graduate School
5503779,108188952547448,Anderson High School,High School
5503779,15932409357,Syracuse University,College
5504136,113713335328560,High school for leadership and public service,High School
5504136,15932409357,Syracuse University,College
5504136,15932409357,Syracuse University,Graduate School
5504157,109465535745767,Central Regional High School,High School
5504157,15932409357,Syracuse University,College
5504578,107758985913693,Newton South High School,High School
5504578,15932409357,Syracuse University,College
5504578,103965619639479,University of Massachusetts Boston,Graduate School
5504677,107993005895725,Matignon High School,High School
5504677,15932409357,Syracuse University,College
5504900,108188662536769,Canton High School,High School
5504900,15932409357,Syracuse University,College
5505172,111800182171595,Notre Dame Academy,High School
5505172,15932409357,Syracuse University,College
5505465,112478805434261,Woodside High School,High School
5505465,15932409357,Syracuse University,College
5505465,111851825501258,NYU,Graduate School
5505511,178794622157895,Hillcrest High School (New York City),High School
5505511,15932409357,Syracuse University,College
5505809,116520845024604,Aquinas High School,High School
5505809,15932409357,Syracuse University,College
5505920,108007665898734,Randolph High School,High School
5505920,15932409357,Syracuse University,College
5506208,15932409357,Syracuse University,College
5506291,110406255654018,Lewiston Porter High School,High School
5506291,15932409357,Syracuse University,College
5506291,106416112728793,Long Island U.,Graduate School
5506482,112093708817175,Poland Junior - Senior High School,High School
5506482,15932409357,Syracuse University,College
5506482,111963768815899,University of Colorado Denver,Graduate School
5507112,110316788991273,North Star Academy College Preperatory High School,High School
5507112,15932409357,Syracuse University,College
5507173,114717475206309,Great Bridge High,High School
5507173,15932409357,Syracuse University,College
5507439,15932409357,Syracuse University,College
5507693,109277449091748,Christ The King Regional High School,High School
5507693,15932409357,Syracuse University,College
5507693,171203159580343,Nassau Community College,College
5507693,113476155329739,Old Dominion University,College
5507693,102798629756606,Norfolk State University,College
5507709,115334475147460,Maple Grove Junior - Senior High School,High School
5507709,15932409357,Syracuse University,College
5507709,109477182405076,State University of New York at Fredonia,College
5507709,112112152139559,Maryland Institute College of Art,College
5507709,332121413586113,"Lorenzo de Medici in Florence, Italy",College
5507709,112267178789210,"University of Maryland, Baltimore County",College
5507720,103765386329565,Wellington C. Mepham High School,High School
5507720,15932409357,Syracuse University,College
5507739,147300841948686,William Nottingham High School,High School
5507739,15932409357,Syracuse University,College
5507739,15932409357,Syracuse University,Graduate School
5507758,108592359172731,La Salle Academy,High School
5507758,15932409357,Syracuse University,College
5507797,15932409357,Syracuse University,College
5508311,110359285652084,East Syracuse- Minoa High School,High School
5508311,15932409357,Syracuse University,College
5508311,172636137574,Rutgers University,Graduate School
5508314,110359285652084,East Syracuse- Minoa High School,High School
5508314,15932409357,Syracuse University,College
5508354,114656205218464,Fairfield High School,High School
5508354,15932409357,Syracuse University,College
5508455,108033185891417,Morristown High School,High School
5508455,15932409357,Syracuse University,College
5508544,106251439414256,"Nogales High School, La Puente, CA",High School
5508544,115217251825520,Nogales High,High School
5508544,15932409357,Syracuse University,College
5509190,112246975469122,Burnt Hills - Ballston Lake Senior High School,High School
5509190,15932409357,Syracuse University,College
5510170,112477555434271,Orchard Park High School,High School
5510170,15932409357,Syracuse University,College
5510170,176050355853077,Syracuse Alumna,College
5510206,114804841869479,Sachem High School North,High School
5510206,106552256048733,State University of New York College of Environmental Science and Forestry,College
5510206,15932409357,Syracuse University,College
5510206,104053009629736,Stony Brook University,Graduate School
5510342,108538865837496,Colts Neck High School,High School
5510342,15932409357,Syracuse University,College
5510342,103132326394338,University of Rochester,Graduate School
5510355,112451295447355,Gloversville High School,High School
5510355,17068777825,Syracuse University in Florence,College
5510355,15932409357,Syracuse University,College
5510355,98508878775,University of Pennsylvania,Graduate School
5510971,108579892506349,Daniel Boone Area Junior - Senior High School,High School
5510971,106309939406590,SUNY-ESF,College
5510971,410388822358429,State University of New York College of Environmental Science and Forestry,College
5510971,15932409357,Syracuse University,Graduate School
5511712,108526942512708,Port Jervis Senior High School,High School
5511712,15932409357,Syracuse University,College
5511712,106552256048733,State University of New York College of Environmental Science and Forestry,College
5511837,106386006063910,Chenango Valley Junior - Senior High School,High School
5511837,15932409357,Syracuse University,College
5511837,112094105475840,Syracuse Alum,College
5511837,106105042754834,Binghamton University,Graduate School
5512169,119166614762458,Syracuse University,College
5512169,111219398914712,Benjamin N. Cardozo School of Law,Graduate School
5512847,112094172149816,Bedford High School,High School
5512847,15932409357,Syracuse University,College
5512847,111480202202376,Seton Hall University,Graduate School
5513183,108126609222306,Wilson High School,High School
5513183,15932409357,Syracuse University,College
5513183,15932409357,Syracuse University,Graduate School
5513531,111818448836854,Half Hollow Hills High School West,High School
5513531,15932409357,Syracuse University,College
5513606,102178366490079,Georgetown High School,High School
5513606,112185508807181,Georgetown Junior - Senior High,High School
5513606,15932409357,Syracuse University,College
5513621,106386229398520,Centreville High School,High School
5513621,113308485350605,Wilbert Tucker Woodson High School,High School
5513621,15932409357,Syracuse University,College
5513887,105987719433382,Duncanville High School,High School
5513887,15932409357,Syracuse University,College
5514257,111879918831783,Webster Schroeder,High School
5514257,15932409357,Syracuse University,College
5514257,111568078860131,"University at Buffalo, The State University of New York",Graduate School
5514465,111843722165718,Belchertown High School,High School
5514465,106038739437124,George Washington University,College
5514465,15932409357,Syracuse University,College
5514465,112444612100264,George Washington University Law School,Graduate School
5514614,1399370640295573,Saint John's School,High School
5514614,1399370640295573,Saint John's School,College
5514785,110375775651646,Frank H. Morrell High School,High School
5514785,15932409357,Syracuse University,College
5514785,61270553970,Fordham University,Graduate School
5515083,108187095869809,Kings Park High School,High School
5515083,15932409357,Syracuse University,College
5515118,111949668823080,Cicero- North Syracuse High School,High School
5515118,15932409357,Syracuse University,College
5515118,104004612970542,Vanderbilt University Divinity School,Graduate School
5515255,108410622517046,Neenah High School,High School
5515255,15932409357,Syracuse University,College
5515321,105555232811496,Murry Bergtraum High School,High School
5515321,15932409357,Syracuse University,College
5515630,116520845024604,Aquinas High School,High School
5515630,103152453058030,Wagner College,College
5515630,15932409357,Syracuse University,College
5515670,108224759198398,Notre Dame-Bishop Gibbons High School,High School
5515670,110807175607864,Notre Dame - Bishop Gibbons,High School
5515670,15932409357,Syracuse University,College
5515670,136562523075471,William & Mary Law School,Graduate School
5515670,56827075005,The College of William and Mary,Graduate School
5515709,112011335484451,Sonoma Academy,High School
5515709,15932409357,Syracuse University,College
5515856,15932409357,Syracuse University,College
5516489,114659898545497,Monta Vista High,High School
5516489,15932409357,Syracuse University,College
5516933,15932409357,Syracuse University,College
5516951,110479182307243,North Brookfield Junior - Senior High School,High School
5516951,15932409357,Syracuse University,College
5517134,108121495887050,Cooperstown Central High School,High School
5517134,147623035261405,North Bennet Street School,Graduate School
5517134,15932409357,Syracuse University,College
5517190,103758836330278,New Milford High School,High School
5517190,15932409357,Syracuse University,College
5517190,15932409357,Syracuse University,Graduate School
5517192,105432326157422,Mattanawcook Academy,High School
5517192,15932409357,Syracuse University,College
5517660,107536762608886,Haverford Senior High School,High School
5517660,15932409357,Syracuse University,College
5517671,108427579189434,Aviation High School,High School
5517671,15932409357,Syracuse University,Graduate School
5517701,108427579189434,Aviation High School,High School
5517701,410388822358429,State University of New York College of Environmental Science and Forestry,College
5517701,15932409357,Syracuse University,Graduate School
5517910,114556168561061,Alfred - Almond Junior - Senior High School,High School
5517910,52284667640,Alfred State,College
5517910,107162635983685,Cornell University Cooperative Extension,College
5517910,110269335669507,SUNY ESF,College
5518000,103720286332710,Marianapolis Preparatory School,High School
5518000,15932409357,Syracuse University,College
5518009,111908962161970,CHIJ St. Nicholas Girls' School,High School
5518009,15932409357,Syracuse University,College
5518456,468969319794065,Browning School,High School
5518456,112188095474851,Brewster Academy,High School
5518456,15932409357,Syracuse University,College
5518456,110843082288080,French Culinary Institute,College
5518716,107920919236596,Marcellus High School,High School
5518716,15932409357,Syracuse University,College
5518716,111568078860131,"University at Buffalo, The State University of New York",Graduate School
5518716,106267179411672,SUNY at Buffalo,Graduate School
5518728,108635055834007,Marthas Vineyard Regional High,High School
5518728,15932409357,Syracuse University,College
5519624,115679905113150,Elba Central School,High School
5519624,111568078860131,"University at Buffalo, The State University of New York",College
5519624,15932409357,Syracuse University,College
5520078,15932409357,Syracuse University,College
5520954,110535048967662,Somerset Area Senior High School,High School
5520954,15932409357,Syracuse University,College
5520954,112520115426955,University of Pennsylvania,Graduate School
5521154,12527153330,University of Virginia,College
5521262,106369769400013,Ossining Senior High School,High School
5521262,108160215877996,Westchester Community College,College
5521262,110269335669507,SUNY ESF,College
5521262,120319711343352,empire beauty school,College
5521262,15932409357,Syracuse University,College
5524047,115825318427471,Acton- Boxborough Regional High,High School
5524047,15932409357,Syracuse University,College
5524047,108271302527428,University of Wollongong,College
5524047,109293595757241,University of Utah,Graduate School
5524220,104323032936393,Cony High School,High School
5524220,110269335669507,SUNY ESF,College
5524220,15932409357,Syracuse University,College
5524469,108150132546692,The Mary Louis Academy,High School
5524469,110526065641420,"Mary Louis Academy, The",High School
5524469,15932409357,Syracuse University,College
5526291,108617249162139,Canandaigua Academy,High School
5526291,108573585841640,SUNY ESF Syracuse,College
5800910,104323032936393,Cony High School,High School
5800910,107984279229874,University of Maine,College
5801021,104323032936393,Cony High School,High School
5801021,107984279229874,University of Maine,College
5801570,110677242294594,Wiscasset High School,High School
5801570,115115598503144,Hall-Dale High School,High School
5801570,107984279229874,University of Maine,College
5801570,109333269093284,North Shore Community College,College
5801673,108077892553712,Messalonskee High School,High School
5801673,107984279229874,University of Maine,College
5802175,104323032936393,Cony High School,High School
5803328,102080639833271,Waterville High School,High School
5803328,107984279229874,University of Maine,College
5803328,112343606183,Southern New Hampshire University,Graduate School
5803400,104323032936393,Cony High School,High School
5803400,108048972563111,Southern Maine,College
5803400,83086245170,University of Colorado Boulder,College
5804471,104323032936393,Cony High School,High School
5804471,107984279229874,University of Maine,College
5804471,107984279229874,University of Maine,Graduate School
5805003,104323032936393,Cony High School,High School
5805003,107984279229874,University of Maine,College
5805232,109820989047143,Maranacook Community School,High School
5805232,106417556060025,Central Maine Medical Center School of Nursing,College
5805232,107984279229874,University of Maine,College
5805232,110846165609829,CMMC School of Nursing,College
5805285,104323032936393,Cony High School,High School
5805285,107984279229874,University of Maine,College
5805285,107984279229874,University of Maine,Graduate School
5806566,104323032936393,Cony High School,High School
5806566,107984279229874,University of Maine,College
5806996,104323032936393,Cony High School,High School
5806996,107984279229874,University of Maine,College
5806996,108184125882468,Alum Maine,College
5806996,6713903971,University of Maine,Graduate School
5806996,157282751112394,Masters in Counselor Education,Graduate School
5807652,104323032936393,Cony High School,High School
5807652,101882706519898,University of Alaska,College
5807652,112446495433246,University of Alaska Anchorage,College
5808085,104323032936393,Cony High School,High School
5808085,112478135431579,University of Maine at Augusta,College
5809841,106189142746434,University of Salzburg,College
5809841,107984279229874,University of Maine,College
5809841,107984279229874,University of Maine,Graduate School
5810372,104323032936393,Cony High School,High School
5810372,107984279229874,University of Maine,College
5812266,104323032936393,Cony High School,High School
5812266,107892325900964,University of Southern Maine,College
5812487,104323032936393,Cony High School,High School
5812487,105693632796226,The Art Institute of Pittsburgh,College
5812847,104323032936393,Cony High School,High School
5812847,115208425168321,Humboldt State University,College
5812847,108564975834599,University of Maine at Farmington,College
5813837,108077892553712,Messalonskee High School,High School
5813837,107984279229874,University of Maine,College
5814076,104323032936393,Cony High School,High School
5814076,107984279229874,University of Maine,College
5814426,104323032936393,Cony High School,High School
5814426,112478135431579,University of Maine at Augusta,College
5814712,104323032936393,Cony High School,High School
5814712,107984279229874,University of Maine,College
5815683,104323032936393,Cony High School,High School
5815683,6713903971,University of Maine,College
5817506,104323032936393,Cony High School,High School
5817506,107984279229874,University of Maine,College
5819362,104323032936393,Cony High School,High School
5819362,6713903971,University of Maine,College
5820485,104323032936393,Cony High School,High School
5820485,107984279229874,University of Maine,College
5820485,107984279229874,University of Maine,Graduate School
5821064,104323032936393,Cony High School,High School
5821064,6713903971,University of Maine,College
5821505,133922103301561,University of Maine at Augusta,High School
5821505,112478135431579,University of Maine at Augusta,College
5821901,104323032936393,Cony High School,High School
5821901,112478135431579,University of Maine at Augusta,College
6420492,111781588841657,William S. Hart Senior High,High School
6420492,47424407936,University of Michigan School of Information,Graduate School
6420492,110030499019521,Cal Poly San Luis Obispo,College
6702343,112312135461125,James Logan High,High School
6702343,8686764758,UC Santa Cruz,College
6702343,47424407936,University of Michigan School of Information,Graduate School
7101751,395674917162282,St. Vincent's High School,High School
7101751,108066499194,University of San Francisco,College
7200551,108052015889845,Forest Hills Central High School,High School
7200551,108056922555207,Tates Creek High School,High School
7200551,112752458738756,Wake Forest University,College
9023027,88208359783,Capital Area Technical Center,High School
9023027,115115598503144,Hall-Dale High School,High School
9023027,103178449722994,Southern Maine Community College,College
9023027,419948431348750,UConn,College
9431617,186706244699492,Unicorns,High School
9431617,47424407936,University of Michigan School of Information,College
9431617,8829726273,University of Washington,College
10202555,103108403062669,Agoura High School,High School
10202555,83086245170,University of Colorado Boulder,College
10700690,110458272308898,Lowell High School,High School
10700690,47424407936,University of Michigan School of Information,College
10700690,8829726273,University of Washington,College
10700690,103449733028756,University of Michigan School of Information,Graduate School
10700690,109551572397323,University of Michigan,Graduate School
11301879,108188565881463,White Plains High School,High School
11301879,110501945644739,White Plains Senior High School,High School
11301879,111960675486467,University of Delaware,College
11301879,106053436208993,Delaware Alum,College
13000485,104323032936393,Cony High School,High School
13000485,109549259062805,Emerson College,College
13306509,107550242607607,Wooster High School,High School
13306509,103756122996046,Pomona College,College
13306509,122581057764508,The University of Edinburgh,College
13306509,109551572397323,University of Michigan,Graduate School
14601076,104323032936393,Cony High School,High School
14601076,103767002995012,Bates College,College
14602666,104323032936393,Cony High School,High School
14602666,107964555890703,University of Canterbury,College
14602666,107964555890703,University of Canterbury,College
14602666,103767002995012,Bates College,College
15003133,104323032936393,Cony High School,High School
15003133,109655475720265,Wheaton College (Massachusetts),College
15003133,114127991936704,Wheaton MA,College
16929785,109831759042469,Ames High School,High School
16929785,113308485350605,Wilbert Tucker Woodson High School,High School
16929785,47424407936,University of Michigan School of Information,College
16929785,108326705862247,Iowa State University,College
16929785,109551572397323,University of Michigan,Graduate School
17810518,104323032936393,Cony High School,High School
17810518,107955145899105,Brigham Young University,College
17810518,107955145899105,Brigham Young University,Graduate School
18206197,334869933270442,Community High School,High School
18206197,104046759631367,Elon University,College
18206197,47424407936,University of Michigan School of Information,Graduate School
18206197,104315322937357,University of Michigan School of Public Health,Graduate School
18604637,114514278564778,Freedom High School,High School
18604637,104110302959437,Bentley University,College
18604637,104110302959437,Bentley University,Graduate School
18604871,104323032936393,Cony High School,High School
18604871,102108013164125,IAE Nantes,College
18604871,104110302959437,Bentley University,College
18604871,104110302959437,Bentley University,Graduate School
18702171,104323032936393,Cony High School,High School
18702171,106476972723041,FIU,College
21420580,106096586087390,Hilliard Davidson High School,High School
21420580,159468067426218,Mount Carmel College of Nursing,College
21420580,6711658857,The Ohio State University,College
21420580,6711658857,The Ohio State University,Graduate School
21502345,104323032936393,Cony High School,High School
21502345,106155002749513,University of Burgundy,College
21502345,105844849445771,Clark University,College
21502345,107977025891872,Tulane University,Graduate School
21604002,105957082777249,Edwards - Knox Junior - Senior High School,High School
21604002,105595839473952,Clarkson University,College
21604002,15932409357,Syracuse University,College
21604002,15932409357,Syracuse University,Graduate School
21706940,108393665858615,Oscoda High School,High School
21706940,109262825767453,Central Michigan University,College
22414437,108281692534089,Saline High School,High School
22414437,47424407936,University of Michigan School of Information,College
22414437,105482929485396,Grand Valley State University,College
22414437,109551572397323,University of Michigan,Graduate School
22802255,104323032936393,Cony High School,High School
22802255,103757166329644,University of Hartford,College
22802819,103757166329644,University of Hartford,College
26902009,104323032936393,Cony High School,High School
26902009,106176026080298,Sacred Heart University,College
26902009,348089301940512,Sacred Heart Alumni,College
30313124,108215752540749,Eastern Michigan University,College
30313124,21105780752,University of Michigan,Graduate School
34102941,108095262547330,Virginia Commonwealth University,College
40201285,104323032936393,Cony High School,High School
40201285,109293595757241,University of Utah,College
40201285,112436348771056,Idaho State University,College
40201285,109438329083081,David Eccles School of Business,Graduate School
41900308,104323032936393,Cony High School,High School
41900308,109552052404730,Wentworth Institute of Technology,College
42407291,104323032936393,Cony High School,High School
42407291,117446508315015,Johnson & Wales University,College
45300218,110860948939052,Gardiner Area High School,High School
45300218,104040852966539,Emmanuel College,College
45300218,112343606183,Southern New Hampshire University,Graduate School
47400548,104323032936393,Cony High School,High School
47400548,103119579728361,Manhattanville College,College
47400548,112157625467765,College of New Rochelle,Graduate School
47402584,103119579728361,Manhattanville College,College
47402584,104078819628849,Ryerson University,Graduate School
50205826,106108629420315,Winnacunnet High School,High School
50205826,112619552088602,University of Massachusetts Lowell,College
50205826,112001248817245,Plymouth State University,Graduate School
50205826,104379512931358,Capella University,Graduate School
51901101,112338232111568,Gladwin High School,High School
51901101,103767999662241,Saginaw Valley State University,College
51901101,47424407936,University of Michigan School of Information,Graduate School
54700240,109277449091748,Christ The King Regional High School,High School
54700240,108551549177184,Christ the King R.High School,High School
54700240,105942359445994,CUNY John Jay,College
55003097,110092605686856,Central High School,High School
55003097,113711228639715,University of Central Arkansas,College
55003097,112721268743485,University of Arkansas at Little Rock,College
59802703,99666286593,Phillips Academy,High School
59802703,109688692389896,Springfield College,College
59802703,106032366095224,Bard College,College
60201243,110246788998729,Gerhart Hauptmann Gymnasium Zwickau,High School
60201243,104323032936393,Cony High School,High School
60201243,104109832960164,New England College,College
63000038,107920919236596,Marcellus High School,High School
63000038,105958002768217,Le Moyne College,College
63000038,15932409357,Syracuse University,Graduate School
67700862,108017395899073,South Sr. High,High School
67700862,108452932508309,Michigan (1903 automobile),College
67700862,109412442411374,Hamline University,College
67700862,47424407936,University of Michigan School of Information,Graduate School
139300115,112320208780213,Loveland High School,High School
139300115,108796179143993,California Institute of the Arts,College
139300115,110548945639190,CA Inst. Of Arts,College
139300115,109551572397323,University of Michigan,Graduate School
154000077,104323032936393,Cony High School,High School
154000077,113949341948626,Husson University,College
154000970,104323032936393,Cony High School,High School
154000970,113949341948626,Husson University,College
160400063,112762382071118,Trinity Catholic High School,High School
160400063,108310362526017,Lyndon State College,College
160400063,108310362526017,Lyndon State College,College
160400431,115115598503144,Hall-Dale High School,High School
160400431,108310362526017,Lyndon State College,College
160400928,106492119387438,University of Maine Farmington,College
171500854,104323032936393,Cony High School,High School
172700099,112807558732257,Winslow High School,High School
172700099,110860948939052,Gardiner Area High School,High School
172700099,107499642606845,Saint Joseph's College of Maine,College
172700099,6514736316,Walden University,Graduate School
172700099,6514736316,Walden University,Graduate School
172700401,104323032936393,Cony High School,High School
172700401,107499642606845,Saint Joseph's College of Maine,College
172700782,104323032936393,Cony High School,High School
172700782,107499642606845,Saint Joseph's College of Maine,College
172700782,113050565376422,Massachusetts College of Pharmacy and Health Sciences,College
172700782,103965619639479,University of Massachusetts Boston,Graduate School
179700030,104323032936393,Cony High School,High School
179700031,104323032936393,Cony High School,High School
179700031,109286895764473,Thomas College,College
179700031,186291828074120,Drexel University,Graduate School
179700239,104323032936393,Cony High School,High School
179700239,109286895764473,Thomas College,College
179700276,104323032936393,Cony High School,High School
179700276,109286895764473,Thomas College,College
179700276,109286895764473,Thomas College,Graduate School
502095234,109459545747923,Milford High School,High School
502095234,112441168769145,Michigan State University,College
502095234,47424407936,University of Michigan School of Information,Graduate School
505692437,110692278959124,Colombo International School,High School
505692437,105707636130911,Bishop Cotton Boys' School,High School
505692437,129181363786262,KLE Society's S Nijalingappa College,College
505692437,105488536151957,Nitte Meenakshi Institute of Technology,Graduate School
505692437,103449733028756,University of Michigan School of Information,Graduate School
505692437,21105780752,University of Michigan,Graduate School
507097472,109986009031464,Rowland High,High School
507097472,15932409357,Syracuse University,College
508145867,111916148826517,School One,High School
508145867,108662039165110,"University of Ulster, Magee",College
508145867,109221175762877,Earlham College,College
508145867,47424407936,University of Michigan School of Information,Graduate School
512900887,105981269442422,Notre Dame Preparatory High School,High School
512900887,109551572397323,University of Michigan,College
515557784,107808275908871,Lake Park High School,High School
515557784,108506419174117,Truman State University,College
515557784,109551572397323,University of Michigan,Graduate School
515557784,108506419174117,Truman State University,Graduate School
515782204,111980318819469,Menlo School,High School
515782204,47424407936,University of Michigan School of Information,Graduate School
515782204,10111634660,UC Berkeley,College
520604197,104323032936393,Cony High School,High School
520604197,107892325900964,University of Southern Maine,College
520604197,126020784099063,university of maine augusta,College
520604197,107471112737058,Fuller Circles School of Massage & Bodywork,College
533601286,109338032425464,Father Patrick Mercredi Community High School,High School
533601286,114781205209824,Murasakino High School,High School
533601286,200739723082,University of Helsinki,College
533601286,109239532428621,Doshisha University,College
533601286,21105780752,University of Michigan,Graduate School
533601286,109239532428621,Doshisha University,Graduate School
535701636,107716025917527,Centerville High School,High School
535701636,112282645450019,Miami University,College
538652126,109551572397323,University of Michigan,College
538652126,102177396490955,"University of Michigan, Ann Arbor",Graduate School
538652126,47424407936,University of Michigan School of Information,Graduate School
547702927,106473102721846,Princeton High School,High School
547702927,115262841818071,Kingsley High School,High School
547702927,113532041990571,American University of Rome,College
547702927,105599809475020,Kalamazoo College,College
547702927,103449733028756,University of Michigan School of Information,Graduate School
548558827,112974858717216,Walnut High School,High School
548558827,47424407936,University of Michigan School of Information,College
548558827,11360325957,UCLA,College
561397183,109990359030286,Winston Churchill High,High School
561397183,109924642370262,University of St. Andrews,College
564667061,112176712127344,Rockville High School,High School
564667061,104323032936393,Cony High School,High School
564667061,111548322198314,Intercoast Career College,College
574238442,106063792766365,R.V College of Engineering,College
574238442,47424407936,University of Michigan School of Information,Graduate School
582032761,113067675369948,Greenwich High School,High School
582032761,71225140512,"School of the Museum of Fine Arts, Boston",College
587731958,115611145120348,Red Bluff High,High School
587731958,13917075214,UC Davis,College
587731958,444292792260615,Shasta Communtiy College,College
587731958,112271455455353,San Jose State University,Graduate School
593978695,104323032936393,Cony High School,High School
593978695,107984279229874,University of Maine,College
595540534,110298478999670,Stigler High School,High School
596425606,104323032936393,Cony High School,High School
596425606,112478135431579,University of Maine at Augusta,College
596425606,107984279229874,University of Maine,College
596425606,107984279229874,University of Maine,College
608637746,110535802301914,Hugh C. Williams,High School
608637746,15932409357,Syracuse University,College
608637746,108423522511211,State University of New York at Potsdam,College
619872889,104323032936393,Cony High School,High School
619872889,202255663119531,Kennebec Valley Community College in Fairfield,College
634581503,217414761626672,Heritage High School,High School
634581503,103767999662241,Saginaw Valley State University,College
634581503,47424407936,University of Michigan School of Information,Graduate School
653609710,104131689624135,Westover School,High School
661657915,114430888573009,Downingtown West High School,High School
661657915,112439522101503,Lebanese American University,College
661657915,18058830773,Princeton University,College
661657915,103146266391742,University of Jordan,College
661657915,109551572397323,University of Michigan,Graduate School
670195369,106311079407955,Lutheran High School Of Orange,High School
670195369,103449733028756,University of Michigan School of Information,Graduate School
670195369,122581057764508,The University of Edinburgh,College
670195369,103756122996046,Pomona College,College
678006954,105940082779371,Avondale High School,High School
678006954,107799939248465,Georgia Southern University,College
678893972,102099733165385,Poultney High School,High School
678893972,111411482213684,Lyndon State College,College
688340779,115507221809974,Campion School Bhopal,High School
688340779,127743043973903,Delhi Public School Bhopal,High School
688340779,111463258872170,The Scindia School,High School
688340779,47424407936,University of Michigan School of Information,College
688340779,21105780752,University of Michigan,Graduate School
710315451,196485427077288,Shenzhen Senior High School  (SZSHS),High School
710315451,108452932508309,Michigan (1903 automobile),College
710315451,108326705862247,Iowa State University,College
710315451,103130999727767,Xiamen University,College
710315451,109551572397323,University of Michigan,Graduate School
721296482,114008128610000,"Fairfax High School (Fairfax, Virginia)",High School
721296482,108388695849686,George Mason University,College
721585988,108304339191146,Duxbury High School,High School
730571118,112282932130902,DeVilbiss High School,High School
730571118,108493499181146,Ohio State University Columbus,College
730571118,109551572397323,University of Michigan,Graduate School
730571118,6711658857,The Ohio State University,Graduate School
766620028,106056019425485,Rochester Adams High School,High School
766620028,112441168769145,Michigan State University,College
766620028,21105780752,University of Michigan,Graduate School
774795474,104323032936393,Cony High School,High School
774845141,104323032936393,Cony High School,High School
774845141,104323032936393,Cony High School,College
776222565,592594090804494,Cony Free High School,High School
776222565,104053046298525,Unity College,College
776583489,104323032936393,Cony High School,High School
776583489,133922103301561,University of Maine at Augusta,College
798919227,104323032936393,Cony High School,High School
811117467,181603851873016,Mt. Blue High School,High School
827815827,114560411892814,Governor Mifflin Senior High School,High School
827815827,103959016308410,Millersville University of Pennsylvania,College
1004252581,108304339191146,Duxbury High School,High School
1004252581,23680344606,Arizona State University,College
1004252581,108023809225003,New England Institute of Art,College
1036380400,109642382395535,Monta Vista High School,High School
1036380400,108177729204437,"University of California, Merced",College
1036380400,47424407936,University of Michigan School of Information,Graduate School
1052223464,103972332972103,Bard College at Simon's Rock,College
1052223464,114821905196648,SUNY Stony Brook,College
1052223464,47424407936,University of Michigan School of Information,Graduate School
1054590123,175118999981,Center for Talented Youth (CTY),High School
1054590123,114202488595652,University Of San Diego High School,High School
1054590123,109343795750150,Reed College,College
1054590123,47424407936,University of Michigan School of Information,Graduate School
1067970203,108077892553712,Messalonskee High School,High School
1077218467,104323032936393,Cony High School,High School
1077218467,133922103301561,University of Maine at Augusta,College
1088680976,108650125826858,Naperville North High School,High School
1088680976,106915900963,Oberlin College,College
1088680976,47424407936,University of Michigan School of Information,Graduate School
1088680976,106240532739543,Kent State University,Graduate School
1107205998,106028819437242,"Roger Ludlow, Fairfeild, CT.",High School
1107205998,110628808959270,"Temple University, Tyler School of Art",College
1107431329,115310305151668,Haaga-Helia University Of Applied Sciences,High School
1107431329,109551572397323,University of Michigan,College
1107431329,108377005860967,Haaga - Helia University of Applied Sciences,College
1107431329,47424407936,University of Michigan School of Information,Graduate School
1118948225,108110949221900,Lawrence High School,High School
1118948225,112478135431579,University of Maine at Augusta,College
1127160901,108584759166781,Columbia Grammar & Preparatory School,High School
1127160901,108002152557044,Georgetown University,College
1127160901,103449733028756,University of Michigan School of Information,Graduate School
1127160901,15932409357,Syracuse University,Graduate School
1127160901,109551572397323,University of Michigan,Graduate School
1128221240,110147735673316,"St. Mary's High School, Lynn, MA",High School
1182420013,106534336048631,Vinton-Shellsburg,High School
1182420013,6010469068,University of Northern Iowa,College
1182420013,112519212094115,UCLA School of Law,Graduate School
1197392862,104323032936393,Cony High School,High School
1197392862,104323032936393,Cony High School,College
1201230082,103821966323537,Paducah Tilghman High School,High School
1201230082,108531479171922,Indiana University,College
1217460012,104323032936393,Cony High School,High School
1217460012,107984279229874,University of Maine,College
1218720039,115115598503144,Hall-Dale High School,High School
1218720039,103747736329975,Bryant University,College
1218720043,115115598503144,Hall-Dale High School,High School
1218720043,192609620649,The University of Chicago,College
1218950115,107651692591722,Pen Argyl Area High School,High School
1218950115,15932409357,Syracuse University,College
1221870015,102080639833271,Waterville High School,High School
1221870015,129358183770242,Federal Emergency Management Institute,College
1223622640,162717250518617,Cony Free High School,High School
1223622640,133396683348129,Uma College,College
1246925327,111957528820455,Proctor Academy,High School
1246925327,106164762748333,Pine Manor College,College
1261221113,104323032936393,Cony High School,High School
1261221113,133922103301561,University of Maine at Augusta,College
1262640207,106056019425485,Rochester Adams High School,High School
1262640207,106224342750379,Hogwarts School of Witchcraft and Wizardry,High School
1262640207,47424407936,University of Michigan School of Information,College
1262640207,108877405802697,University of Chicago,College
1262970090,108006495886638,Albion College,College
1262970090,103449733028756,University of Michigan School of Information,Graduate School
1284090358,115634355117441,Southwest Senior High,High School
1284090358,104049319631162,Gustavus Adolphus College,College
1284090358,109551572397323,University of Michigan,Graduate School
1310216841,105929642780921,Port St. Joe Junior - Senior High School,High School
1310216841,108189029209028,New College of Florida,College
1310216841,47424407936,University of Michigan School of Information,Graduate School
1312211573,102081799834037,Holmen High,High School
1312211573,93415311269,University of Minnesota,College
1312211573,47424407936,University of Michigan School of Information,Graduate School
1326738773,106369936060501,Wando High School,High School
1326738773,112849892063840,Trident Technical College,College
1338000417,112554808756861,Hun School of Princeton,High School
1338000417,15932409357,Syracuse University,College
1338391064,115042798508195,Ridgewood High School,High School
1338391064,110748145627645,NYU,College
1354320036,106477006054580,Science Skills Center High School,High School
1354320036,190137770359,Keller Graduate School of Management,College
1354320036,15932409357,Syracuse University,College
1367960797,108131025882595,Caribou High School,High School
1383460742,105553689477839,Erskine Academy,High School
1394800846,110377328990844,Dana Hall School,High School
1394800846,20697868961,Boston University,College
1394800846,106224089416734,"Institute for European Studies, Vienna",College
1398691372,114891781859228,Needham Broughton High,High School
1398691372,111888848838369,UNC Chapel Hill,College
1437788005,104323032936393,Cony High School,High School
1446345180,104323032936393,Cony High School,High School
1446345180,115426998471880,"UMA, Central texas college, CCAF",College
1447248130,579360955433968,HuaBei Oil Field No.1 Middle School,High School
1447248130,140008733585,University of Delaware,Graduate School
1447248130,129319060451808,Tianjin University of Science and Technology,College
1447248130,15932409357,Syracuse University,Graduate School
1457760193,110960308927789,Pinckney High School,High School
1457760193,108215752540749,Eastern Michigan University,College
1457760193,47424407936,University of Michigan School of Information,Graduate School
1466223277,113948501953787,Robertsdale High School,High School
1498191532,104323032936393,Cony High School,High School
1498191532,203456766451635,UMaine at Augusta,College
1538866572,256336184433668,Maloney,High School
1538866572,109450985740000,Choate Rosemary Hall,High School
1538866572,102178169823670,University of Connecticut at Storrs,College
1538866572,47424407936,University of Michigan School of Information,Graduate School
1550832211,108304339191146,Duxbury High School,High School
1563510104,106199182743881,Lake Braddock Secondary School,High School
1563510104,15932409357,Syracuse University,College
1563510104,15932409357,Syracuse University,Graduate School
1575041729,112205675462308,James Wood High School,High School
1575041729,112205675462308,James Wood High School,College
1575041729,23502910767,James Madison University,College
1575041729,108213162533613,Longwood University,College
1575216486,104323032936393,Cony High School,High School
1575216486,116142821729923,Kennebec Valley,College
1575216486,112478135431579,University of Maine at Augusta,College
1576577466,129191607119473,"Carmel Convent School, Bhopal",High School
1576577466,129120070459527,Shri Vaishnav Institute of Technology and Science (SVITS),College
1576577466,112106355481801,Univ. of Michigan,Graduate School
1576577466,109551572397323,University of Michigan,Graduate School
1577250051,109460089072561,Kuna High School,High School
1577250051,104323032936393,Cony High School,High School
1577250051,30789350417,College of Western Idaho,College
1578600052,112077218818573,Enumclaw Senior High School,High School
1578600052,15932409357,Syracuse University,College
1578600052,15932409357,Syracuse University,Graduate School
1600261974,112208345460942,Quincy High School,High School
1600261974,256490401135699,Quincy Hospital School of Nursing,College
1616767248,108058285894979,Irvington High School,High School
1618801449,105599072806325,Winsor School,High School
1618801449,116183908392361,Mount Vernon Junior College,College
1639441419,105599072806325,Winsor School,High School
1639441419,83086245170,University of Colorado Boulder,College
1656099147,108012409231111,Aurora Christian High School,High School
1656099147,42202896250,The Ross School of Business,College
1656099147,115292961815746,Univeristy of Illinois,College
1656099147,163536409904,University of Illinois at Urbana-Champaign,College
1667982814,106203889418842,St. Agnes Academic High School,High School
1667982814,171203159580343,Nassau Community College,College
1667982814,111868772163989,Adelphi University,College
1717816745,99666286593,Phillips Academy,High School
1717816745,102080639833271,Waterville High School,High School
1717816745,105930651606,Harvard University,College
1744279382,115115598503144,Hall-Dale High School,High School
1752714559,104323032936393,Cony High School,High School
1752714559,6713903971,University of Maine,College
1755235703,126020784099063,university of maine augusta,College
1831224746,188319251216316,SMA Negeri 9 Binsus Manado,High School
1831224746,146549790211,SMAN 9 Manado,High School
1831224746,311367615634826,SPN KAROMBASAN,College
1848805704,104323032936393,Cony High School,High School
100000026698117,113332925347825,Mt. Ararat High School,High School
100000059062719,106367059399259,Burke High,High School
100000064224641,106367059399259,Burke High,High School
100000112800159,104323032936393,Cony High School,High School
100000134276288,108110949221900,Lawrence High School,High School
100000134276288,279405726907,Kennebec Valley Community College,College
100000158972699,112807558732257,Winslow High School,High School
100000158972699,113140422030484,Colorado Mountain College,College
100000161744796,130159270392576,Taipei Municipal Datong High School,High School
100000161744796,47424407936,University of Michigan School of Information,College
100000161744796,116060738404394,"The University of Michigan, Ann Arbor",College
100000161744796,106522332718569,National Taiwan University,College
100000161744796,105580236142565,National Taiwan University,College
100000161744796,112611255417765,National Taiwan University,College
100000161744796,112611255417765,National Taiwan University,Graduate School
100000219455998,104323032936393,Cony High School,High School
100000219455998,108212895878443,"KVCC Fairfield, Maine",College
100000219455998,107558619273246,Kennebec Valley Community College,College
100000342601270,111808492170333,SMA Negeri 78,High School
100000342601270,109986385697374,STMIK ICHSAN GORONTALO,College
100000342601270,106251696080394,STMIK MIKROSKIL,Graduate School
100000342601270,109986385697374,STMIK ICHSAN GORONTALO,Graduate School
100000432961523,104323032936393,Cony High School,High School
100000432961523,133922103301561,University of Maine at Augusta,College
100000461863082,105983812774904,Heritage High School,High School
100000461863082,112218965460637,Highlands Ranch High School,High School
100000461863082,111963768815899,University of Colorado Denver,College
100000461863082,113512491992878,Portland State University,College
100000461863082,103256838688,New York University,Graduate School
100000513754842,193762417457043,"Rajkumar Khandelwal HSS-Barwani, MP, India",High School
100000513754842,323964711083067,"Saraswati Vidhya Mandir-Rajgarh (Biora), Shajapur, Shujalpur (MP) India.",High School
100000513754842,103449733028756,University of Michigan School of Information,College
100000513754842,109813772428181,"Barkatullah University Institute of Technology, Bhopal",College
100000513754842,109551572397323,University of Michigan,Graduate School
100000522001095,115115598503144,Hall-Dale High School,High School
100000522001095,109286895764473,Thomas College,College
100000542671059,115115598503144,Hall-Dale High School,High School
100000542671059,113149882032574,University of New Haven,College
100000663900438,112358378776919,Bishop Fenwick High School,High School
100000663900438,34399107150,Suffolk University,College
100000696240103,108002939232361,House in the Pines,High School
100000696240103,107699999259360,University of Massachusetts Amherst,College
100000763431914,110294815660076,Wauchesett Regional High,High School
100000763431914,107780459245205,Framingham State College,College
100000845704649,104323032936393,Cony High School,High School
100000881792976,115115598503144,Hall-Dale High School,High School
100000881792976,109286895764473,Thomas College,College
100000882643261,104323032936393,Cony High School,High School
100000898922066,104323032936393,Cony High School,High School
100000898922066,112478135431579,University of Maine at Augusta,College
100000911505293,104323032936393,Cony High School,High School
100000956724667,104323032936393,Cony High School,High School
100000956724667,108077892553712,Messalonskee High School,High School
100000956724667,110315082322216,Central Florida,College
100001090182752,104323032936393,Cony High School,High School
100001753356494,104323032936393,Cony High School,High School
100001815426592,109974552359016,San Juan Government Secondary,High School
100001815426592,105614059471295,University of Aberdeen,College
100001958210794,104323032936393,Cony High School,High School
100001958210794,135035256523368,EMCC/SMCC,College
100001979095716,110564665637664,Beaver Country Day School,High School
100002228953769,107703095918844,Greely High School,High School
100002228953769,104109832960164,New England College,College
100002246522263,104323032936393,Cony High School,High School
100002256643949,110377328990844,Dana Hall School,High School
100002256643949,106164762748333,Pine Manor College,College
100002401946822,104323032936393,Cony High School,High School
100002623459797,108405389190611,Victoria School Of Performing And Visual Arts,High School
100002623459797,108253292536823,University of Alberta,College
100002638497412,109708062388582,Experimental High School Attached to Beijing Normal University,High School
100002638497412,111247268900614,Beijing Information Science&Technology University,College
100002638497412,109551572397323,University of Michigan,Graduate School
100002643598078,47424407936,University of Michigan School of Information,College
100002643598078,47424407936,University of Michigan School of Information,Graduate School
100002643598078,21105780752,University of Michigan,College
100002733297297,115916795085236,Father Gabriel Richard,High School
100002733297297,103449733028756,University of Michigan School of Information,Graduate School
100002733297297,109551572397323,University of Michigan,College
100002751285253,115115598503144,Hall-Dale High School,High School
100002751285253,106489952722287,Pierre's School of Cosmetology,College
100003204013917,112134268813829,Tahoe Truckee High School,High School
100003204013917,109364479082607,"University of Nevada, Reno",College
100003204013917,109551572397323,University of Michigan,Graduate School
